{
  "sample_0000": {
    "servo_angles": [
      90.0,
      180.0,
      180.0
    ],
    "position": [
      7.498798913309288e-33,
      1.2246467991473532e-16,
      -1.0
    ],
    "eeg_data": [
      1.288622150419948,
      -0.44235655853349193,
      -0.7600376592017846,
      -0.08922275952523101,
      -1.373793793564388
    ]
  },
  "sample_0001": {
    "servo_angles": [
      0.0,
      90.0,
      180.0
    ],
    "position": [
      1.0,
      0.0,
      6.123233995736766e-17
    ],
    "eeg_data": [
      0.8305147129674786,
      0.5079334561075282,
      1.1221675417040065,
      0.4730738862405691,
      0.41526642935722813
    ]
  },
  "sample_0002": {
    "servo_angles": [
      0.0,
      180.0,
      90.0
    ],
    "position": [
      6.123233995736766e-17,
      0.0,
      -0.5
    ],
    "eeg_data": [
      0.14479484450320695,
      2.556248688494366,
      -0.03343859163324302,
      -0.39538615786377684,
      -0.3187298728230249
    ]
  },
  "sample_0003": {
    "servo_angles": [
      180.0,
      180.0,
      90.0
    ],
    "position": [
      -6.123233995736766e-17,
      7.498798913309288e-33,
      -0.5
    ],
    "eeg_data": [
      0.663214742268893,
      -1.7108653107749674,
      -0.16179659208343616,
      0.6427277941836375,
      -0.8392370419755166
    ]
  },
  "sample_0004": {
    "servo_angles": [
      0.0,
      0.0,
      90.0
    ],
    "position": [
      0.0,
      0.0,
      0.5
    ],
    "eeg_data": [
      1.2690322342727902,
      -2.034816737637347,
      1.21454994577998,
      1.392158718665612,
      -0.3102746194475406
    ]
  },
  "sample_0005": {
    "servo_angles": [
      90.0,
      90.0,
      180.0
    ],
    "position": [
      6.123233995736766e-17,
      1.0,
      6.123233995736766e-17
    ],
    "eeg_data": [
      0.2748957631548714,
      -0.09525960568234287,
      -0.2893778635097472,
      -1.9294400035404775,
      0.03129227118750115
    ]
  },
  "sample_0006": {
    "servo_angles": [
      0.0,
      0.0,
      180.0
    ],
    "position": [
      0.0,
      0.0,
      1.0
    ],
    "eeg_data": [
      0.15244771203886903,
      -1.876162772067052,
      0.1207926831818246,
      -0.11128476973872274,
      -1.3404006972727804
    ]
  },
  "sample_0007": {
    "servo_angles": [
      90.0,
      0.0,
      0.0
    ],
    "position": [
      0.0,
      0.0,
      0.0
    ],
    "eeg_data": [
      -0.39774701560774933,
      1.5072086599607137,
      -0.2728036263578535,
      0.9740186508588331,
      0.16942851070994497
    ]
  },
  "sample_0008": {
    "servo_angles": [
      180.0,
      180.0,
      180.0
    ],
    "position": [
      -1.2246467991473532e-16,
      1.4997597826618576e-32,
      -1.0
    ],
    "eeg_data": [
      0.2111985428278285,
      0.5198308895605094,
      0.273375534917699,
      -0.7044742790621892,
      -1.2992892249646193
    ]
  },
  "sample_0009": {
    "servo_angles": [
      180.0,
      90.0,
      90.0
    ],
    "position": [
      -0.5,
      6.123233995736766e-17,
      3.061616997868383e-17
    ],
    "eeg_data": [
      1.6270834646947812,
      0.9505043388005017,
      0.6136841083299768,
      1.47472896840955,
      -1.3346322310892802
    ]
  },
  "sample_0010": {
    "servo_angles": [
      180.0,
      0.0,
      180.0
    ],
    "position": [
      -0.0,
      0.0,
      1.0
    ],
    "eeg_data": [
      0.42670180810036507,
      -0.7038063122092092,
      -2.2915097165841147,
      0.0597894481605681,
      -0.41673158532111854
    ]
  },
  "sample_0011": {
    "servo_angles": [
      90.0,
      180.0,
      90.0
    ],
    "position": [
      3.749399456654644e-33,
      6.123233995736766e-17,
      -0.5
    ],
    "eeg_data": [
      -0.6628540101343849,
      -2.8075449456522983,
      1.1190242104993033,
      -1.5124983856244978,
      1.0986539694301325
    ]
  },
  "sample_0012": {
    "servo_angles": [
      0.0,
      90.0,
      90.0
    ],
    "position": [
      0.5,
      0.0,
      3.061616997868383e-17
    ],
    "eeg_data": [
      0.1986972634729665,
      0.4972366087858461,
      -0.813858294169101,
      0.09080367319747149,
      -1.4857546260198087
    ]
  },
  "sample_0013": {
    "servo_angles": [
      90.0,
      0.0,
      180.0
    ],
    "position": [
      0.0,
      0.0,
      1.0
    ],
    "eeg_data": [
      -0.9689545081538479,
      -2.2177290463054153,
      0.21357386415818552,
      1.4094391061442626,
      -0.8888643696455617
    ]
  },
  "sample_0014": {
    "servo_angles": [
      90.0,
      180.0,
      0.0
    ],
    "position": [
      0.0,
      0.0,
      -0.0
    ],
    "eeg_data": [
      0.34153790523647976,
      -0.14724930277414033,
      -0.78345894845141,
      0.7165709271283816,
      -0.43684890552778505
    ]
  },
  "metadata": {
    "n_servos": 3,
    "n_eeg_channels": 5,
    "samples_per_position": 5,
    "total_samples": 15,
    "unique_positions": 3,
    "eeg_mean": 0.0,
    "eeg_std": 1.0,
    "servo_origin": [
      0,
      0,
      0
    ],
    "servo_ceiling": [
      180,
      180,
      180
    ],
    "collection_method": "simulated"
  }
}