{
  "sample_0000": {
    "servo_angles": [
      45.0,
      180.0,
      135.0
    ],
    "position": [
      6.4946704217662e-17,
      6.494670421766199e-17,
      -0.75
    ],
    "position_hash": "ef77d52dd31c",
    "eeg_data": [
      -0.8268175708092858,
      1.4779448154175199,
      -1.1808346095088622,
      -1.2331340078610658,
      -1.048077434633465
    ]
  },
  "metadata": {
    "n_servos": 3,
    "n_eeg_channels": 5,
    "samples_per_position": 1,
    "total_samples": 100,
    "unique_positions": 100,
    "eeg_mean": 0.0,
    "eeg_std": 1.0,
    "servo_origin": [
      0,
      0,
      0
    ],
    "servo_ceiling": [
      180,
      180,
      180
    ],
    "collection_method": "simulated",
    "timestamp": "20250625_123440",
    "dataset_id": 2000,
    "hash_lookup_file": "hash_to_servo_lookup.json"
  }
}